date,open,close,high,low,volume,volume.1
2022-05-19,23.53040729987868,23.82891202940469,23.83920529594008,23.396594834918737,20222.0,20222.0
2022-05-20,23.931844694758496,24.20976289121376,24.33328208963832,23.787738963263177,15376.0,15376.0
2022-05-23,24.096536959324578,24.178883091607617,24.68325315184124,24.05536389318306,16546.0,16546.0
2022-05-24,24.22005615774913,24.00389756050616,24.53914742034592,23.94213796129388,23524.0,23524.0
2022-05-25,23.973017760900017,24.27152249042604,24.425921488456737,23.973017760900017,15301.0,15301.0
2022-05-26,24.27152249042604,24.59061375302282,24.7553060175889,23.9833110274354,18229.0,18229.0
2022-05-27,24.295620994090424,23.85758673717391,24.295620994090424,23.674223559860017,14942.0,14942.0
2022-05-30,23.94926832583085,23.68441040304412,24.0409499144878,23.56216828483486,10769.0,10769.0
2022-05-31,23.68441040304412,23.480673539362023,23.88814726672622,23.07319981199782,14624.0,14624.0
2022-06-01,23.4297393234415,23.74553146214875,23.88814726672622,23.30749720523224,15102.0,15102.0
2022-06-02,23.490860382546128,23.57235512801897,23.74553146214875,23.327870891600448,10557.0,10557.0
2022-06-06,23.58254197120307,24.47898417140432,24.61141313279768,23.57235512801897,29446.0,29446.0
2022-06-07,24.754028937375143,24.27524730772221,24.754028937375143,23.969642012199063,21288.0,21288.0
2022-06-08,24.27524730772221,24.295620994090424,24.448423641852,23.68441040304412,18731.0,18731.0
2022-06-09,24.295620994090424,24.295620994090424,24.38730258274737,24.00020254175137,12496.0,12496.0
2022-06-10,24.0409499144878,24.28543415090632,24.39748942593147,23.76590514851696,14511.0,14511.0
2022-06-13,24.22431309180169,24.60122628961357,25.11056844881882,24.0511367576719,28537.0,28537.0
2022-06-14,24.42804995548379,24.713281564638727,24.713281564638727,24.10207097359243,15793.0,15793.0
2022-06-15,24.713281564638727,24.448423641852,24.92720527150493,24.448423641852,17528.0,17528.0
2022-06-16,24.448423641852,24.295620994090424,24.69290787827052,24.14281834632885,13622.0,13622.0
2022-06-17,24.10207097359243,24.346555210010944,24.509544700956624,23.969642012199063,10190.0,10190.0
2022-06-20,24.346555210010944,24.16319203269705,24.65216050553409,24.0409499144878,13216.0,13216.0
2022-06-21,24.16319203269705,23.93908148264675,24.30580783727453,23.85758673717391,10731.0,10731.0
2022-06-22,23.8473998939898,23.57235512801897,24.12244465996064,23.56216828483486,11602.0,11602.0
2022-06-23,23.837213050805698,24.10207097359243,24.77440262374336,23.837213050805698,20814.0,20814.0
2022-06-24,24.448423641852,26.51635280822532,26.51635280822532,24.30580783727453,69976.0,69976.0
2022-06-27,28.1156871881298,27.545223969819915,29.16493203609261,27.229431831112663,165512.0,165512.0
2022-06-28,26.85251863330077,26.760837044643832,27.728587147133805,26.332989630911424,107867.0,107867.0
2022-06-29,27.035881810614665,25.976450119467746,27.91195032444769,25.976450119467746,68829.0,68829.0
2022-06-30,26.261681728622687,26.159813296781635,26.45523174912068,25.640284294392284,40646.0,40646.0
2022-07-01,26.159813296781635,25.854208001258485,27.097002869719297,25.793086942153856,37092.0,37092.0
2022-07-04,25.854208001258485,26.434858062752472,26.872892319668985,25.640284294392284,40208.0,40208.0
2022-07-05,26.282055414990896,25.772713255785646,26.587660710514047,25.385613214789657,34446.0,34446.0
2022-07-06,25.75233956941744,25.42636058752608,25.75233956941744,25.23281056702808,22515.0,22515.0
2022-07-07,25.477294803446604,25.487481646630705,25.72177903986512,25.39580005797376,16456.0,16456.0
2022-07-08,25.487481646630705,24.96795264424136,25.80327378533796,24.886457898768512,29343.0,29343.0
2022-07-11,24.94757895787314,24.69290787827052,25.212436880659872,24.55029207369305,18630.0,18630.0
2022-07-12,24.794776310111565,24.40767626911558,24.917018428320823,24.40767626911558,18431.0,18431.0
2022-07-13,24.60122628961357,24.468797328220205,24.703094721454622,24.173378875881163,15370.0,15370.0
2022-07-14,24.468797328220205,24.621599975981784,24.77440262374336,24.448423641852,16045.0,16045.0
2022-07-15,24.60122628961357,24.92720527150493,25.14112897837113,24.336368366826843,30630.0,30630.0
2022-07-18,25.12075529200293,25.202250037475764,25.94588958991543,25.059634232898297,23867.0,23867.0
2022-07-19,25.039260546530084,25.976450119467746,26.40429753320016,25.039260546530084,38028.0,38028.0
2022-07-20,26.02738433538828,26.302429101359103,26.434858062752472,25.681031667128703,31105.0,31105.0
2022-07-21,26.088505394492906,25.87458168762669,26.658968612802784,25.640284294392284,28535.0,28535.0
2022-07-22,25.87458168762669,25.660657980760494,26.180186983149845,25.314305312500924,23690.0,23690.0
2022-07-25,25.884768530810803,26.170000139965744,26.546913337777625,25.660657980760494,26588.0,26588.0
2022-07-26,26.14962645359753,25.976450119467746,26.14962645359753,25.71159219668101,15198.0,15198.0
2022-07-27,26.057944864940584,26.251494885438586,26.445044905936577,25.935702746731327,20975.0,20975.0
2022-07-28,26.251494885438586,26.373737003647843,26.587660710514047,26.180186983149845,17835.0,17835.0
2022-07-29,26.47560543548889,26.14962645359753,26.577473867329942,25.925515903547225,24220.0,24220.0
2022-08-01,26.0783185513088,26.0783185513088,26.282055414990896,25.670844823944595,17407.0,17407.0
2022-08-02,25.976450119467746,24.81514999647977,25.976450119467746,24.36692889637916,28224.0,28224.0
2022-08-03,24.8558973692162,25.42636058752608,25.894955373994907,24.8558973692162,35283.0,35283.0
2022-08-04,25.365239528421444,27.973071383552327,27.973071383552327,25.2633710965804,53135.0,53135.0
2022-08-05,28.013818756288742,27.677652931213284,28.299050365443687,26.760837044643832,81442.0,81442.0
2022-08-08,27.41279500842656,28.136060874498007,28.319424051811897,27.41279500842656,49439.0,49439.0
2022-08-09,28.085126658577483,28.217555619970845,28.635216190519152,27.77952136305433,34896.0,34896.0
2022-08-10,28.268489835891373,28.533347758678104,28.665776720071467,28.00363191310464,33138.0,33138.0
2022-08-11,29.134371506540298,28.23792930633905,29.134371506540298,28.06475297220928,33919.0,33919.0
2022-08-12,28.013818756288742,27.962884540368226,28.625029347335047,27.881389794895384,27912.0,27912.0
2022-08-15,27.82026873579075,28.431479326837053,29.633526822561443,27.565597656188125,78822.0,78822.0
2022-08-16,28.72689777917609,29.49091101798397,29.643713665745548,28.288863522259582,78864.0,78864.0
2022-08-17,32.03762181401022,32.44509554137442,32.44509554137442,31.73201651848707,69670.0,69670.0
2022-08-18,35.69469851710392,35.69469851710392,35.69469851710392,35.50114849660592,110581.0,110581.0
2022-08-19,39.26009363154066,34.94087212148014,39.26009363154066,34.28891415769742,431764.0,431764.0
2022-08-22,35.796566948944964,36.97824075830114,37.793188213029545,34.716761571429835,261034.0,261034.0
2022-08-23,36.8763723264601,36.92730654238062,37.59963819253155,35.56226955571055,154032.0,154032.0
2022-08-24,37.2736592106402,33.239669309734616,37.446835544769975,33.239669309734616,189398.0,189398.0
2022-08-25,32.04780865719433,31.895006009432752,33.17854825062998,31.141179613808983,173402.0,173402.0
2022-08-26,32.13949024585127,32.13949024585127,33.27022983928692,30.764266415997096,80289.0,80289.0
2022-08-29,31.905192852616857,31.314355947938765,33.95274833262196,30.90688222057457,120146.0,120146.0
2022-08-30,31.171740143361298,31.080058554704355,31.752390204855285,30.254924256791845,70028.0,70028.0
2022-08-31,31.579213870725496,31.507905968436763,33.10724034834124,30.866134847838147,126473.0,126473.0
2022-09-01,31.70145598893476,33.05630613242072,34.56395892366826,28.36017142454832,119449.0,119449.0
2022-09-02,32.87294295510684,33.05630613242072,33.6165825075465,32.25154552087643,74620.0,74620.0
2022-09-05,33.6165825075465,33.53508776207366,34.38059574635437,32.79144820963399,68600.0,68600.0
2022-09-06,33.57583513481008,34.54358523730005,35.450214280685394,32.964624543763776,73198.0,73198.0
2022-09-07,34.51302470774774,33.677703566651125,34.53339839411594,33.46377985978492,63354.0,63354.0
2022-09-08,33.677703566651125,33.351724584759765,33.92218780306964,32.97481138694788,45443.0,45443.0
2022-09-09,33.718450939387544,33.08686666197303,33.90181411670144,32.17005077540359,69411.0,69411.0
2022-09-13,33.2192956233664,32.628458718688314,33.4332193302326,32.09874287311485,54472.0,54472.0
2022-09-14,32.12930340266717,32.10892971629896,32.65901924824063,31.86444547988044,37256.0,37256.0
2022-09-15,32.10892971629896,30.356792688632897,32.292292893612846,29.69464788166607,88940.0,88940.0
2022-09-16,30.509595336394472,29.85763737261175,30.866134847838147,29.704834724850176,45753.0,45753.0
2022-09-19,30.06137423629385,29.89838474534817,30.74389272962889,29.552032077088604,47314.0,47314.0
2022-09-20,30.27529794316005,29.674274195297865,30.499408493210368,29.582592606640915,31928.0,31928.0
2022-09-21,29.674274195297865,29.725208411218382,30.183616354503112,29.113997820172084,47911.0,47911.0
2022-09-22,29.541845233904496,29.3381083702224,30.051187393109743,29.236239938381345,40826.0,40826.0
2022-09-23,29.592779449825024,28.737084622360204,29.592779449825024,28.18699509041853,52829.0,52829.0
2022-09-26,28.604655660966834,27.993445069920536,28.737084622360204,27.91195032444769,33554.0,33554.0
2022-09-27,28.22774246315496,28.70652409280789,28.767645151912514,28.095313501761584,27152.0,27152.0
2022-09-28,28.625029347335047,27.443355537978867,28.625029347335047,27.41279500842656,39382.0,39382.0
2022-09-29,27.86101610852717,27.13775024245572,27.86101610852717,26.82195810374846,34883.0,34883.0
2022-09-30,27.259992360664977,26.36355016046373,27.259992360664977,26.282055414990896,32981.0,32981.0
2022-10-10,26.485792278673,25.731965883049227,26.699715985539203,25.59953692165586,36545.0,36545.0
2022-10-11,25.894955373994907,25.98663696265185,26.332989630911424,25.53841586255124,30773.0,30773.0
2022-10-12,26.180186983149845,27.341487106137816,27.45354238116297,25.884768530810803,88103.0,88103.0
2022-10-13,26.98494759469414,27.24980551748088,28.176808247234423,26.903452849221303,63213.0,63213.0
2022-10-14,27.504476597083496,27.708213460765595,27.993445069920536,27.3109265765855,41103.0,41103.0
2022-10-17,27.708213460765595,28.22774246315496,28.930634642858195,27.504476597083496,41643.0,41643.0
2022-10-18,28.370358267732424,28.248116149523163,28.777831995096623,28.00363191310464,33896.0,33896.0
2022-10-19,28.1156871881298,28.23792930633905,29.03250307469925,27.86101610852717,43859.0,43859.0
2022-10-20,28.02400559947285,28.03419244265696,28.482413542757577,27.555410813004023,36254.0,36254.0
2022-10-21,27.9017634812636,27.891576638079485,28.27867667907548,27.565597656188125,23944.0,23944.0
2022-10-24,27.973071383552327,28.095313501761584,28.72689777917609,27.830455578974856,37044.0,37044.0
2022-10-25,27.718400303949704,27.504476597083496,28.095313501761584,27.15812392882393,45564.0,45564.0
2022-10-26,27.341487106137816,28.156434560866217,28.971382015594617,27.341487106137816,65203.0,65203.0
2022-10-27,28.14624771768211,27.168310772008034,28.370358267732424,27.1071897129034,52088.0,52088.0
2022-10-28,27.12756339927161,25.956076433099536,27.259992360664977,25.935702746731327,41134.0,41134.0
2022-10-31,25.87458168762669,26.24130804225448,26.66915545598689,25.681031667128703,34145.0,34145.0
2022-11-01,26.36355016046373,27.973071383552327,28.16662140405032,26.10887908086111,50995.0,50995.0
2022-11-02,27.91195032444769,29.18530572246082,29.389042586142924,27.810081892606647,64294.0,64294.0
2022-11-03,28.67596356325557,28.40091879728473,29.083437290619774,28.36017142454832,49529.0,49529.0
2022-11-04,28.625029347335047,29.61315313619324,30.214176884055423,28.55372144504632,66442.0,66442.0
2022-11-07,29.541845233904496,30.774453259181204,30.937442750126884,29.419603115695235,67186.0,67186.0
2022-11-08,30.754079572812994,29.928945274900485,30.85594800465404,29.50109786116808,57708.0,57708.0
2022-11-09,29.918758431716384,29.62333997937733,30.000253177189222,29.03250307469925,41698.0,41698.0
2022-11-10,29.419603115695235,29.32792152703829,29.57240576345681,29.083437290619774,25760.0,25760.0
2022-11-11,30.000253177189222,29.266800467933663,30.26511109997596,29.134371506540298,44618.0,44618.0
2022-11-14,28.757458308728413,28.88988727012177,29.633526822561443,28.625029347335047,34573.0,34573.0
2022-11-15,28.930634642858195,29.847450529427647,29.89838474534817,28.737084622360204,35463.0,35463.0
2022-11-16,30.20399004087132,29.470537331615763,30.642024297787835,29.32792152703829,50303.0,50303.0
2022-11-17,29.3482952134065,28.920447799674093,29.419603115695235,28.34998458136421,42892.0,42892.0
2022-11-18,29.042689917883354,29.521471547536287,30.52996902276268,28.930634642858195,77041.0,77041.0
2022-11-21,29.083437290619774,28.49260038594168,29.266800467933663,28.054566129025165,61969.0,61969.0
2022-11-22,28.421292483652945,28.65558987688736,30.04100054992564,28.22774246315496,91043.0,91043.0
2022-11-23,28.635216190519152,28.81857936783304,29.113997820172084,27.98325822673643,42365.0,42365.0
2022-11-24,28.828766211017147,29.134371506540298,29.378855742958816,28.737084622360204,37088.0,37088.0
2022-11-25,29.134371506540298,28.03419244265696,29.134371506540298,27.993445069920536,38414.0,38414.0
2022-11-28,27.769334519870227,27.708213460765595,27.799895049422545,27.27017920384908,28636.0,28636.0
2022-11-29,27.708213460765595,28.095313501761584,28.207368776786744,27.708213460765595,25969.0,25969.0
2022-11-30,28.095313501761584,28.00363191310464,28.36017142454832,27.810081892606647,22378.0,22378.0
2022-12-01,28.319424051811897,29.684461038481967,30.000253177189222,28.248116149523163,79386.0,79386.0
2022-12-02,29.541845233904496,29.65390050892965,30.010440020373327,29.28717415430188,52784.0,52784.0
2022-12-05,29.765955783954805,29.276987311117765,30.244737413607744,29.113997820172084,37563.0,37563.0
2022-12-06,29.3381083702224,29.419603115695235,29.725208411218382,28.971382015594617,30977.0,30977.0
2022-12-07,29.297360997485978,29.3482952134065,29.69464788166607,29.063063604251564,31115.0,31115.0
2022-12-08,29.18530572246082,29.847450529427647,30.214176884055423,29.18530572246082,48094.0,48094.0
2022-12-09,29.918758431716384,29.57240576345681,30.091934765846165,29.419603115695235,33489.0,33489.0
2022-12-12,30.805013788733515,30.407726904553424,31.966313911721485,30.163242668134902,121241.0,121241.0
2022-12-13,31.05968486833614,29.77614262713892,31.090245397888456,29.46035048843165,79899.0,79899.0
2022-12-14,29.66408735211376,30.030813706741537,30.764266415997096,29.480724174799867,67470.0,67470.0
2022-12-15,29.888197902164062,29.674274195297865,30.39754006136932,29.562218920272706,41706.0,41706.0
2022-12-16,30.1530558249508,29.399229429327026,30.642024297787835,29.215866252013136,61659.0,61659.0
2022-12-19,29.541845233904496,28.309237208627792,30.38735321818521,28.136060874498007,60579.0,60579.0
2022-12-20,28.19718193360264,28.095313501761584,28.55372144504632,27.91195032444769,31286.0,31286.0
2022-12-21,27.922137167631803,27.881389794895384,28.23792930633905,27.606345028924547,29252.0,29252.0
2022-12-22,27.881389794895384,27.1071897129034,28.207368776786744,26.923826535589512,44044.0,44044.0
2022-12-23,26.893266006037194,26.66915545598689,27.076629183351084,26.597847553698152,30857.0,30857.0
2022-12-26,26.66915545598689,27.239618674296764,27.351673949321924,26.66915545598689,26293.0,26293.0
2022-12-27,27.514663440267604,27.443355537978867,27.69802661758149,26.913639692405408,25056.0,25056.0
2022-12-28,27.382234478874235,27.025694967430564,27.49428975389939,26.94420022195772,17906.0,17906.0
2022-12-29,26.934013378773617,26.872892319668985,27.198871301560345,26.81177126056436,14751.0,14751.0
2022-12-30,27.046068653798773,29.562218920272706,29.562218920272706,26.750650201459727,77843.0,77843.0
2023-01-03,30.1530558249508,31.33472963430697,31.956127068537384,29.62333997937733,152782.0,152782.0
2023-01-04,31.589400713909605,30.58090323868321,31.854258636696333,30.23455057042364,97040.0,97040.0
2023-01-05,30.69295851370836,30.448474277289844,30.947629593310985,30.20399004087132,53450.0,53450.0
2023-01-06,30.356792688632897,32.13949024585127,32.51640344366316,30.22436372723953,113143.0,113143.0
2023-01-09,32.08855602993075,30.957816436495094,32.08855602993075,30.815200631917623,74002.0,74002.0
2023-01-10,30.957816436495094,30.968003279679195,31.110619084256665,30.499408493210368,42771.0,42771.0
2023-01-11,30.89669537739046,30.254924256791845,30.937442750126884,30.254924256791845,33536.0,33536.0
2023-01-12,30.448474277289844,30.38735321818521,31.100432241072564,30.254924256791845,32045.0,32045.0
2023-01-13,30.458661120473945,30.20399004087132,30.71333220007657,30.000253177189222,24866.0,24866.0
2023-01-16,30.214176884055423,30.509595336394472,30.968003279679195,30.000253177189222,34929.0,34929.0
2023-01-17,30.38735321818521,30.74389272962889,31.273608575202346,30.377166375001107,31009.0,31009.0
2023-01-18,30.74389272962889,30.784640102365305,31.100432241072564,30.58090323868321,20825.0,20825.0
2023-01-19,30.784640102365305,31.05968486833614,31.355103320675187,30.733705886444785,29395.0,29395.0
2023-01-20,31.029124338783827,31.110619084256665,31.507905968436763,30.927255906942776,25937.0,25937.0
2023-01-30,31.579213870725496,31.232861202465926,31.966313911721485,31.008750652415618,36840.0,36840.0
2023-01-31,31.273608575202346,31.3754770070434,31.66070861619833,30.937442750126884,23092.0,23092.0
2023-02-01,31.3754770070434,31.691269145750653,31.73201651848707,31.171740143361298,24273.0,24273.0
2023-02-02,31.691269145750653,31.273608575202346,31.833884950328123,31.273608575202346,26721.0,26721.0
2023-02-03,31.273608575202346,32.04780865719433,32.1904244617718,31.100432241072564,48921.0,48921.0
2023-02-06,32.01724812764201,32.24135867769232,32.55715081639958,31.681082302566548,39132.0,39132.0
2023-02-07,32.1904244617718,32.07836918674664,32.35341395271748,31.762577048039383,25747.0,25747.0
2023-02-08,32.01724812764201,31.70145598893476,32.54696397321547,31.670895459382443,25440.0,25440.0
2023-02-09,31.579213870725496,31.884819166248647,32.1904244617718,31.48753228206856,27397.0,27397.0
2023-02-10,31.7829507344076,31.477345438884445,31.895006009432752,31.232861202465926,29101.0,29101.0
2023-02-13,31.477345438884445,31.426411222963925,31.82369810714401,31.253234888834136,26446.0,26446.0
2023-02-14,31.477345438884445,31.925566538985063,32.68957977779294,31.253234888834136,51728.0,51728.0
2023-02-15,31.81351126395992,31.884819166248647,32.23117183450822,31.721829675302967,29848.0,29848.0
2023-02-16,31.895006009432752,30.356792688632897,31.9765007549056,30.10212160903028,41555.0,41555.0
2023-02-17,30.366979531817,30.43828743410573,31.3754770070434,30.22436372723953,31970.0,31970.0
2023-02-20,30.366979531817,30.99856380923152,31.03931118196793,30.030813706741537,26389.0,26389.0
2023-02-21,31.243048045650035,30.866134847838147,31.344916477491083,30.672584827340152,18981.0,18981.0
2023-02-22,30.866134847838147,30.631837454603733,31.029124338783827,30.468847963658053,33085.0,33085.0
2023-02-23,30.815200631917623,31.32454279112288,32.13949024585127,30.621650611419625,39780.0,39780.0
2023-02-24,31.3754770070434,31.12080592744077,31.70145598893476,30.968003279679195,21213.0,21213.0
2023-02-27,31.029124338783827,30.83557431828584,31.44678490933213,30.71333220007657,19248.0,19248.0
2023-02-28,30.83557431828584,30.90688222057457,31.100432241072564,30.509595336394472,16985.0,16985.0
2023-03-01,31.03931118196793,30.682771670524257,31.03931118196793,30.59109008186732,17654.0,17654.0
2023-03-02,30.703145356892467,30.448474277289844,30.845761161469937,30.39754006136932,14496.0,14496.0
2023-03-03,30.540155865946787,30.142868981766693,30.71333220007657,30.030813706741537,17249.0,17249.0
2023-03-06,30.163242668134902,30.254924256791845,30.356792688632897,29.89838474534817,16865.0,16865.0
2023-03-07,30.214176884055423,29.30754784067008,30.407726904553424,29.297360997485978,21757.0,21757.0
2023-03-08,29.50109786116808,29.51128470435218,29.62333997937733,29.297360997485978,15715.0,15715.0
2023-03-09,29.61315313619324,30.244737413607744,30.47903480684216,29.470537331615763,23170.0,23170.0
2023-03-10,30.142868981766693,29.592779449825024,30.356792688632897,29.419603115695235,18971.0,18971.0
2023-03-13,29.562218920272706,29.16493203609261,29.674274195297865,28.83895305420125,19869.0,19869.0
2023-03-14,29.134371506540298,29.17511887927672,29.49091101798397,28.482413542757577,20117.0,20117.0
2023-03-15,29.16493203609261,29.3381083702224,29.592779449825024,29.16493203609261,13790.0,13790.0
2023-03-16,29.134371506540298,28.96119517241052,29.674274195297865,28.86951358375357,12882.0,12882.0
2023-03-17,29.276987311117765,29.052876761067456,29.429789958879343,28.88988727012177,12548.0,12548.0
2023-03-20,28.98156885877872,28.645403033703257,29.063063604251564,28.34998458136421,25227.0,25227.0
2023-03-21,28.70652409280789,29.154745192908507,29.246426781565454,28.635216190519152,14403.0,14403.0
2023-03-22,29.3381083702224,29.134371506540298,29.643713665745548,29.134371506540298,14874.0,14874.0
2023-03-23,29.226053095197244,28.808392524648937,29.226053095197244,28.777831995096623,16330.0,16330.0
2023-03-24,28.86951358375357,28.65558987688736,29.02231623151514,28.55372144504632,16594.0,16594.0
2023-03-27,28.716710935992,28.288863522259582,28.808392524648937,28.156434560866217,23769.0,23769.0
2023-03-28,28.472226699573472,27.881389794895384,28.472226699573472,27.810081892606647,28044.0,28044.0
2023-03-29,27.962884540368226,27.973071383552327,28.299050365443687,27.73877399031792,24067.0,24067.0
2023-03-30,27.993445069920536,27.973071383552327,28.788018838280728,27.82026873579075,26190.0,26190.0
2023-03-31,28.054566129025165,28.136060874498007,28.451853013205262,27.86101610852717,18345.0,18345.0
2023-04-03,28.258302992707264,28.533347758678104,28.67596356325557,28.19718193360264,34062.0,34062.0
2023-04-04,28.462039856389367,27.219244987928555,28.54353460186221,27.168310772008034,49457.0,49457.0
2023-04-06,27.29055289021729,27.524850283451705,27.63690555847686,26.954387065141827,19544.0,19544.0
2023-04-07,27.524850283451705,27.708213460765595,27.78970820623844,27.351673949321924,14104.0,14104.0
2023-04-10,27.810081892606647,26.862705476484884,27.810081892606647,26.536726494593523,27130.0,27130.0
2023-04-11,26.923826535589512,26.83214494693257,26.96457390832593,26.61822124006636,15142.0,15142.0
2023-04-12,26.883079162853093,26.465418592304783,26.893266006037194,26.35336331727964,30479.0,30479.0
2023-04-13,26.51635280822532,25.956076433099536,26.51635280822532,25.772713255785646,31220.0,31220.0
2023-04-14,26.03757117857237,26.302429101359103,26.47560543548889,26.03757117857237,25855.0,25855.0
2023-04-17,26.19037382633396,26.61822124006636,26.750650201459727,26.19037382633396,19823.0,19823.0
2023-04-18,26.679342299171,26.546913337777625,26.82195810374846,26.485792278673,14481.0,14481.0
2023-04-19,26.485792278673,26.64878176961868,26.82195810374846,26.36355016046373,14671.0,14671.0
2023-04-20,26.445044905936577,26.139439610413422,26.68952914235509,25.976450119467746,16128.0,16128.0
2023-04-21,26.24130804225448,25.61991060802407,26.332989630911424,25.57916323528765,16795.0,16795.0
2023-04-24,25.365239528421444,25.609723764839966,25.87458168762669,25.2633710965804,16738.0,16738.0
2023-04-25,25.41617374434197,24.754028937375143,25.61991060802407,24.448423641852,30446.0,30446.0
2023-04-26,24.43823679866789,25.314305312500924,25.61991060802407,24.27524730772221,26726.0,26726.0
2023-04-27,25.192063194291663,25.212436880659872,25.54860270573533,25.080007919266507,23439.0,23439.0
2023-04-28,25.2735579397645,25.151315821555244,25.41617374434197,24.81514999647977,28627.0,28627.0
2023-05-04,24.998513173793665,25.0698210760824,25.355052685237343,24.754028937375143,32188.0,32188.0
2023-05-05,25.202250037475764,24.74384209419104,25.23281056702808,24.61141313279768,17243.0,17243.0
2023-05-08,24.93739211468904,25.080007919266507,25.528229019367124,24.896644741952617,24713.0,24713.0
2023-05-09,25.212436880659872,24.69290787827052,25.334678998869133,24.61141313279768,22067.0,22067.0
2023-05-10,24.672534191902304,25.202250037475764,25.334678998869133,24.631786819165885,19699.0,19699.0
2023-05-11,25.29393162613271,25.11056844881882,25.507855332998915,24.95776580105725,28900.0,28900.0
2023-05-12,25.222623723843977,25.13094213518704,25.2735579397645,24.97813948742545,17335.0,17335.0
2023-05-15,24.94757895787314,25.23281056702808,25.28374478294861,24.896644741952617,14623.0,14623.0
2023-05-16,25.23281056702808,25.314305312500924,25.507855332998915,25.11056844881882,19412.0,19412.0
2023-05-17,25.41617374434197,25.324492155685025,25.43654743071018,25.151315821555244,13217.0,13217.0
2023-05-18,25.385613214789657,25.039260546530084,25.41617374434197,24.94757895787314,16788.0,16788.0
2023-05-19,25.029073703345983,25.222623723843977,25.41617374434197,24.90683158513672,15942.0,15942.0
2023-05-22,25.222623723843977,25.41617374434197,25.42636058752608,25.0698210760824,13983.0,13983.0
2023-05-23,25.43654743071018,25.518042176183023,25.82364747170617,25.365239528421444,20249.0,20249.0
2023-05-24,25.467107960262496,25.334678998869133,25.467107960262496,25.14112897837113,13291.0,13291.0
2023-05-25,25.344865842053235,25.049447389714192,25.405986901157867,24.77440262374336,18119.0,18119.0
2023-05-26,25.039260546530084,25.059634232898297,25.14112897837113,24.733655251006937,13942.0,13942.0
2023-05-29,25.008700016977773,24.631786819165885,25.151315821555244,24.47898417140432,16466.0,16466.0
2023-05-30,24.27314025815205,24.060927125170704,24.49545877841822,23.79818705576523,15367.0,15367.0
2023-05-31,23.96997863960727,23.61629008463836,24.030610963316228,23.525341599074928,21834.0,21834.0
2023-06-01,23.5152362117901,23.808292443050053,23.94976786503761,23.48492004993562,14121.0,14121.0
2023-06-02,23.808292443050053,24.49545877841822,24.51566955298788,23.808292443050053,16267.0,16267.0
2023-06-05,24.57630187669683,24.55609110212718,24.64703958769061,24.394404905569964,14277.0,14277.0
2023-06-06,24.50556416570305,23.94976786503761,24.60661803855131,23.929557090467966,14964.0,14964.0
2023-06-07,23.929557090467966,23.61629008463836,24.14177022344932,23.555657760929403,18009.0,18009.0
2023-06-08,23.636500859208013,23.54555237364458,24.030610963316228,23.252496142384626,14748.0,14748.0
2023-06-09,23.54555237364458,23.434393113511494,23.84871399218936,23.2828123042391,15932.0,15932.0
2023-06-12,23.434393113511494,23.71734395748662,23.94976786503761,23.121126107681885,18169.0,18169.0
2023-06-13,23.697133182916968,23.808292443050053,24.0205055760314,23.626395471923185,12306.0,12306.0
2023-06-14,23.929557090467966,23.656711633777665,23.929557090467966,23.57586853549905,9685.0,9685.0
2023-06-15,23.73755473205627,24.10134867431001,24.121559448879665,23.54555237364458,15127.0,15127.0
2023-06-16,24.00029480146175,24.161980998018965,24.28324564543688,24.00029480146175,13427.0,13427.0
2023-06-19,24.161980998018965,23.67692240834732,24.333772581861005,23.64660624649284,19002.0,19002.0
2023-06-20,23.697133182916968,23.73755473205627,23.87903015404384,23.57586853549905,13270.0,13270.0
2023-06-21,23.697133182916968,23.44449850079632,24.07103251245553,23.383866177087363,16295.0,16295.0
2023-06-26,23.2423907550998,22.939229136555017,23.434393113511494,22.78764832728263,21475.0,21475.0
2023-06-27,23.070599171257754,23.54555237364458,23.66681702106249,22.91901836198537,19184.0,19184.0
2023-06-28,23.56576314821423,23.777976281195578,23.777976281195578,23.34344462794806,12821.0,12821.0
2023-06-29,23.656711633777665,23.86892476675901,24.010400188746576,23.64660624649284,13650.0,13650.0
2023-06-30,23.909346315898315,24.44493184199409,24.57630187669683,23.899240928613487,20345.0,20345.0
2023-07-03,24.51566955298788,24.50556416570305,24.849147333387133,24.424721067424443,18402.0,18402.0
2023-07-04,24.636934200405783,24.50556416570305,24.677355749545093,24.45503722927892,11261.0,11261.0
2023-07-05,24.545985714842352,24.53588032755753,24.697566524114745,24.404510292854788,10415.0,10415.0
2023-07-06,24.465142616563742,24.394404905569964,24.61672342583613,24.293351032721706,10672.0,10672.0
2023-07-07,24.35398335643066,24.41461568013961,24.566196489412004,24.2529294835824,9805.0,9805.0
2023-07-10,24.465142616563742,24.677355749545093,24.7581988478237,24.424721067424443,12805.0,12805.0
2023-07-11,24.748093460538872,24.7177772986844,24.768304235108527,24.465142616563742,10409.0,10409.0
2023-07-12,24.667250362260265,24.68746113682992,24.85925272067196,24.50556416570305,18152.0,18152.0
2023-07-13,24.667250362260265,24.7177772986844,24.970411980805046,24.62682881312096,16227.0,16227.0
2023-07-14,24.72788268596922,24.55609110212718,24.88956888252644,24.49545877841822,13857.0,13857.0
2023-07-17,24.68746113682992,24.41461568013961,24.68746113682992,24.22261332172792,14125.0,14125.0
2023-07-18,24.47524800384857,24.61672342583613,24.68746113682992,24.32366719457618,10036.0,10036.0
2023-07-19,24.596512651266483,24.53588032755753,24.839041946102306,24.35398335643066,12235.0,12235.0
2023-07-20,24.596512651266483,24.424721067424443,24.748093460538872,24.35398335643066,11875.0,11875.0
2023-07-21,24.35398335643066,24.394404905569964,24.65714497497544,24.27314025815205,10565.0,10565.0
2023-07-24,24.45503722927892,24.212507934443096,24.45503722927892,24.111454061594834,10177.0,10177.0
2023-07-25,24.404510292854788,24.7177772986844,24.748093460538872,24.404510292854788,15700.0,15700.0
2023-07-26,24.768304235108527,24.697566524114745,24.849147333387133,24.586407263981656,11165.0,11165.0
2023-07-27,24.70767191139957,24.57630187669683,24.929990431665743,24.49545877841822,13608.0,13608.0
2023-07-28,24.545985714842352,24.7581988478237,24.82893655881748,24.24282409629757,12231.0,12231.0
2023-07-31,24.80872578424783,25.08157124093813,25.121992790077435,24.70767191139957,20456.0,20456.0
2023-08-01,25.071465853653304,24.950201206235395,25.21294127564087,24.899674269811264,17158.0,17158.0
2023-08-02,24.91988504438092,24.970411980805046,25.101782015507784,24.839041946102306,13399.0,13399.0
2023-08-03,24.85925272067196,24.869358107956785,25.051255079083653,24.77840962239335,11584.0,11584.0
2023-08-04,24.869358107956785,25.04114969179883,25.223046662925697,24.839041946102306,16556.0,16556.0
2023-08-07,25.04114969179883,24.232718709012747,25.04114969179883,24.202402547158268,32560.0,32560.0
2023-08-08,24.2529294835824,23.99018941417692,24.293351032721706,23.87903015404384,17940.0,17940.0
2023-08-09,24.00029480146175,23.66681702106249,24.00029480146175,23.64660624649284,13033.0,13033.0
2023-08-10,23.57586853549905,23.707238570201795,23.94976786503761,23.57586853549905,8856.0,8856.0
2023-08-11,23.707238570201795,23.151442269536364,23.84871399218936,23.151442269536364,16924.0,16924.0
2023-08-14,22.99986146026397,23.16154765682119,23.191863818675667,22.85838603827641,13049.0,13049.0
2023-08-15,23.20196920596049,23.06049378397293,23.37376078980253,22.888702200130886,10841.0,10841.0
2023-08-16,22.969545298409496,23.050388396688103,23.2423907550998,22.878596812846062,10775.0,10775.0
2023-08-17,23.0099668475488,23.333339240663232,23.434393113511494,22.666383679864715,14830.0,14830.0
2023-08-18,23.2828123042391,22.90891297470054,23.46470927536597,22.89880758741572,12255.0,12255.0
2023-08-21,22.89880758741572,22.52490825787715,23.11102072039706,22.5046974833075,15039.0,15039.0
2023-08-22,22.75733216542815,22.22174663933237,22.75733216542815,21.807425760654507,23568.0,23568.0
2023-08-23,22.282378963041328,21.7265826623759,22.282378963041328,21.67605572595177,15490.0,15490.0
2023-08-24,21.77710959880003,21.97921734449655,22.191430477477898,21.62552878952764,10819.0,10819.0
2023-08-25,21.97921734449655,21.868058084363465,22.18132509019307,21.7265826623759,12131.0,12131.0
2023-08-28,22.615856743440585,22.08027121734481,22.878596812846062,22.049955055490333,19202.0,19202.0
2023-08-29,22.00953350635103,22.53501364516198,22.63606751801024,22.00953350635103,15139.0,15139.0
2023-08-30,22.37332744860476,22.90891297470054,23.13123149496672,22.37332744860476,19840.0,19840.0
2023-08-31,22.89880758741572,22.767437552712977,22.99986146026397,22.63606751801024,12423.0,12423.0
2023-09-01,22.686594454434367,22.89880758741572,22.989756072979148,22.686594454434367,14288.0,14288.0
2023-09-04,22.939229136555017,23.04028300940328,23.141336882251537,22.70680522900402,18302.0,18302.0
2023-09-05,23.0099668475488,23.050388396688103,23.222179980530147,22.939229136555017,13306.0,13306.0
2023-09-06,23.06049378397293,23.323233853378404,23.353550015232884,22.848280650991583,13830.0,13830.0
2023-09-07,23.2828123042391,22.89880758741572,23.29291769152393,22.878596812846062,12035.0,12035.0
2023-09-08,22.949334523839845,22.767437552712977,23.09080994582741,22.767437552712977,7631.0,7631.0
2023-09-11,22.83817526370676,23.121126107681885,23.2423907550998,22.62596213072541,14428.0,14428.0
2023-09-12,23.151442269536364,23.31312846609358,23.383866177087363,23.06049378397293,10675.0,10675.0
2023-09-13,23.2828123042391,23.0099668475488,23.31312846609358,22.848280650991583,8395.0,8395.0
2023-09-14,22.989756072979148,23.06049378397293,23.20196920596049,22.75733216542815,12329.0,12329.0
2023-09-15,23.080704558542585,22.888702200130886,23.2423907550998,22.72701600357367,16090.0,16090.0
2023-09-18,22.78764832728263,23.020072234833627,23.151442269536364,22.70680522900402,12002.0,12002.0
2023-09-19,22.939229136555017,22.82806987642193,23.070599171257754,22.737121390858498,11983.0,11983.0
2023-09-20,22.7775429399978,22.747226778143325,23.0099668475488,22.72701600357367,9710.0,9710.0
2023-09-21,22.79775371456745,22.45417054688337,22.848280650991583,22.43395977231372,9861.0,9861.0
2023-09-22,22.413748997744065,22.83817526370676,22.85838603827641,22.393538223174414,9499.0,9499.0
2023-09-25,22.91901836198537,22.393538223174414,22.91901836198537,22.37332744860476,20684.0,20684.0
2023-09-26,22.35311667403511,21.50426414210973,22.35311667403511,21.494158754824905,31645.0,31645.0
2023-09-27,21.41331565654629,21.52447491667938,21.6861611132366,20.77667625760225,46611.0,46611.0
2023-09-28,21.33247255826769,21.665950338666946,21.868058084363465,21.32236717098286,33162.0,33162.0
2023-10-09,21.665950338666946,21.41331565654629,21.665950338666946,21.27184023455873,21269.0,21269.0
2023-10-10,21.34257794555252,21.160680974425645,21.585107240388336,21.160680974425645,13403.0,13403.0
2023-10-11,21.27184023455873,21.261734847273903,21.48405336754008,21.180891748995297,13926.0,13926.0
2023-10-12,21.403210269261468,21.64573956409729,21.6861611132366,21.292051009128382,25022.0,25022.0
2023-10-13,21.585107240388336,21.57500185310351,21.665950338666946,21.33247255826769,14345.0,14345.0
2023-10-16,21.585107240388336,21.25162945998908,21.69626650052142,21.13036481257117,16047.0,16047.0
2023-10-17,21.24152407270425,21.281945621843555,21.34257794555252,21.140470199856,11851.0,11851.0
2023-10-18,21.24152407270425,20.806992419456734,21.281945621843555,20.796887032171902,10704.0,10704.0
2023-10-19,20.7160439338933,20.594779286475383,21.01920555243808,20.57456851190573,14331.0,14331.0
2023-10-20,20.594779286475383,20.57456851190573,20.91815167958982,20.51393618819678,11714.0,11714.0
2023-10-23,20.57456851190573,20.038982985809955,20.81709780674156,19.91771833839205,23678.0,23678.0
2023-10-24,20.09961530951892,20.422987702633343,20.49372541362713,20.05919376037961,17055.0,17055.0
2023-10-25,20.49372541362713,20.554357737336083,20.857519355880864,20.43309308991817,12442.0,12442.0
2023-10-26,20.554357737336083,20.695833159323648,20.77667625760225,20.23098534422165,14953.0,14953.0
2023-10-27,20.726149321178127,21.100048650716687,21.140470199856,20.544252350051256,17545.0,17545.0
2023-10-30,21.01920555243808,21.100048650716687,21.21120791084977,20.897940905020167,16221.0,16221.0
2023-10-31,21.27184023455873,21.27184023455873,21.403210269261468,21.160680974425645,17659.0,17659.0
2023-11-01,21.261734847273903,21.595212627673163,21.67605572595177,21.20110252356495,19713.0,19713.0
2023-11-02,21.433526431115947,21.24152407270425,21.65584495138212,21.24152407270425,17529.0,17529.0
2023-11-03,21.352683332837337,21.41331565654629,21.534580303964205,21.292051009128382,13729.0,13729.0
2023-11-06,21.52447491667938,21.67605572595177,21.767004211515204,21.41331565654629,20774.0,20774.0
2023-11-07,21.767004211515204,21.64573956409729,21.797320373369683,21.61542340224281,13152.0,13152.0
2023-11-08,21.78721498608485,21.54468569124904,21.78721498608485,21.42342104383112,16374.0,16374.0
2023-11-09,21.54468569124904,21.433526431115947,21.65584495138212,21.42342104383112,10913.0,10913.0
2023-11-10,21.34257794555252,21.41331565654629,21.57500185310351,21.281945621843555,11768.0,11768.0
2023-11-13,21.42342104383112,21.837741922508982,21.88826885893312,21.42342104383112,26830.0,26830.0
2023-11-14,21.847847309793814,21.69626650052142,21.938795795357247,21.605318014957987,17165.0,17165.0
2023-11-15,21.898374246217944,21.88826885893312,22.00953350635103,21.70637188780625,20457.0,20457.0
2023-11-16,21.898374246217944,21.665950338666946,21.98932273178137,21.635634176812463,17265.0,17265.0
2023-11-17,21.605318014957987,21.837741922508982,21.868058084363465,21.54468569124904,14954.0,14954.0
2023-11-20,21.938795795357247,21.97921734449655,21.98932273178137,21.71647727509108,14329.0,14329.0
2023-11-21,22.00953350635103,21.736688049660728,22.06006044277516,21.69626650052142,16632.0,16632.0
2023-11-22,21.78721498608485,21.494158754824905,21.938795795357247,21.494158754824905,19890.0,19890.0
2023-11-23,21.52447491667938,21.82763653522416,21.868058084363465,21.48405336754008,14776.0,14776.0
2023-11-24,21.847847309793814,21.605318014957987,21.847847309793814,21.534580303964205,13166.0,13166.0
2023-11-27,21.585107240388336,21.51436952939456,21.71647727509108,21.37289410740699,13534.0,13534.0
2023-11-28,21.54468569124904,21.847847309793814,21.868058084363465,21.41331565654629,14082.0,14082.0
2023-11-29,21.85795269707864,21.595212627673163,21.87816347164829,21.534580303964205,12657.0,12657.0
2023-11-30,21.52447491667938,21.665950338666946,22.35311667403511,21.21120791084977,37943.0,37943.0
2023-12-01,21.42342104383112,21.382999494691816,21.585107240388336,20.756465483032603,45190.0,45190.0
2023-12-04,21.42342104383112,21.19099713628012,21.595212627673163,21.150575587140818,25873.0,25873.0
2023-12-05,21.140470199856,20.91815167958982,21.31226178369804,20.91815167958982,19159.0,19159.0
2023-12-06,20.897940905020167,21.089943263431863,21.34257794555252,20.84741396859604,17181.0,17181.0
2023-12-07,21.13036481257117,20.978784003298777,21.13036481257117,20.726149321178127,15845.0,15845.0
2023-12-08,20.827203194026385,20.544252350051256,21.100048650716687,20.51393618819678,16474.0,16474.0
2023-12-11,20.46340925177265,20.81709780674156,20.87773013045052,20.23098534422165,19072.0,19072.0
2023-12-12,20.77667625760225,20.837308581311213,20.91815167958982,20.675622384754,9761.0,9761.0
2023-12-13,20.77667625760225,20.66551699746917,20.857519355880864,20.655411610184345,11856.0,11856.0
2023-12-14,20.81709780674156,20.74636009574778,20.99899477786843,20.66551699746917,10311.0,10311.0
2023-12-15,20.756465483032603,20.76657087031743,21.03941632700773,20.675622384754,11867.0,11867.0
2023-12-18,20.625095448329866,20.321933829785085,20.68572777203882,20.27140689336096,15239.0,15239.0
2023-12-19,20.332039217069912,20.544252350051256,20.625095448329866,20.16024763322787,17401.0,17401.0
2023-12-20,20.61499006104504,20.382566153494043,21.140470199856,20.321933829785085,24219.0,24219.0
2023-12-21,20.31182844250026,20.56446312462091,20.625095448329866,19.887402176537567,28865.0,28865.0
2023-12-22,20.594779286475383,20.756465483032603,20.96867861601395,20.382566153494043,26702.0,26702.0
2023-12-25,20.655411610184345,20.41288231534852,20.66551699746917,20.20066918236717,19586.0,19586.0
2023-12-26,20.41288231534852,20.56446312462091,20.897940905020167,20.37246076620921,20663.0,20663.0
2023-12-27,20.57456851190573,20.625095448329866,20.705938546608472,20.23098534422165,13901.0,13901.0
2023-12-28,20.58467389919056,21.21120791084977,21.27184023455873,20.47351463905748,27011.0,27011.0
2023-12-29,21.32236717098286,21.64573956409729,21.69626650052142,21.059627101577384,39852.0,39852.0
2024-01-02,21.534580303964205,22.58554058158611,22.848280650991583,21.352683332837337,87018.0,87018.0
2024-01-03,22.09037660462964,21.71647727509108,22.33290589946546,21.52447491667938,71010.0,71010.0
2024-01-04,21.52447491667938,21.41331565654629,21.61542340224281,21.27184023455873,31702.0,31702.0
2024-01-05,21.403210269261468,21.180891748995297,21.67605572595177,21.100048650716687,25560.0,25560.0
2024-01-08,21.150575587140818,20.625095448329866,21.27184023455873,20.58467389919056,30777.0,30777.0
2024-01-09,20.66551699746917,20.827203194026385,21.13036481257117,20.524041575481604,23634.0,23634.0
2024-01-10,20.655411610184345,21.12025942528634,21.302156396413206,20.655411610184345,25331.0,25331.0
2024-01-11,21.029310939722905,21.292051009128382,21.403210269261468,20.827203194026385,25227.0,25227.0
2024-01-12,21.31226178369804,21.31226178369804,21.6861611132366,21.2213132981346,25753.0,25753.0
2024-01-15,21.292051009128382,21.13036481257117,21.403210269261468,20.978784003298777,14545.0,14545.0
2024-01-16,21.06973248886221,21.01920555243808,21.24152407270425,20.705938546608472,20274.0,20274.0
2024-01-17,20.99899477786843,20.635200835614693,21.029310939722905,20.61499006104504,12643.0,12643.0
2024-01-18,20.524041575481604,20.251196118791302,20.524041575481604,19.715610592695526,30974.0,30974.0
2024-01-19,20.251196118791302,19.796453690974133,20.40277692806369,19.766137529119653,20583.0,20583.0
2024-01-22,19.83687524011344,18.604017991364664,19.846980627398263,18.49285873123158,27547.0,27547.0
2024-01-23,18.39180485838332,18.927390384479096,18.98802270818805,18.31096176010471,20414.0,20414.0
2024-01-24,18.977917320903227,19.36192203772661,19.392238199581094,18.59391260407984,20847.0,20847.0
2024-01-25,19.281078939448005,19.83687524011344,19.857086014683087,19.210341228454222,20448.0,20448.0
2024-01-26,19.846980627398263,19.715610592695526,20.069299147664434,19.654978268986568,14260.0,14260.0
2024-01-29,19.796453690974133,19.291184326732832,19.80655907825896,19.22044661573905,15877.0,15877.0
2024-01-30,19.22044661573905,18.725282638782577,19.36192203772661,18.69496647692809,15715.0,15715.0
2024-01-31,18.644439540503967,17.785481621293762,18.806125737061183,17.603584650166894,24707.0,24707.0
2024-02-01,17.694533135730328,17.270106869767634,17.775376234008935,16.178725043006427,25326.0,25326.0
2024-02-02,17.290317644337286,17.037682962216635,17.46210922817933,16.26967352856986,32510.0,32510.0
2024-02-05,16.89620754022907,17.07810451135594,17.785481621293762,16.01703884644921,39481.0,39481.0
2024-02-06,17.07810451135594,18.26043482368058,18.604017991364664,16.77494289281116,35408.0,35408.0
2024-02-07,18.31096176010471,18.897074222624617,18.977917320903227,17.896640881426848,37465.0,37465.0
2024-02-08,18.604017991364664,20.119826084088565,20.61499006104504,18.604017991364664,49980.0,49980.0
2024-02-19,20.150142245943044,19.69539981812587,20.28151228064578,19.49329207242935,30739.0,30739.0
2024-02-20,19.584240557992786,19.584240557992786,19.614556719847265,19.311395101302484,14952.0,14952.0
2024-02-21,19.584240557992786,19.60445133256244,19.99856143667065,19.281078939448005,21227.0,21227.0
2024-02-22,19.50339745971418,19.6650836562714,19.796453690974133,19.36192203772661,17324.0,17324.0
2024-02-23,19.7055052054107,19.67518904355622,19.73582136726517,19.36192203772661,17026.0,17026.0
2024-02-26,19.654978268986568,19.786348303689305,20.079404534949266,19.52360823428383,20088.0,20088.0
2024-02-27,19.715610592695526,20.00866682395548,20.00866682395548,19.6650836562714,18813.0,18813.0
2024-02-28,19.988456049385828,19.95813988753135,20.655411610184345,19.52360823428383,38850.0,38850.0
2024-02-29,19.75603214183483,20.150142245943044,20.18045840779752,19.584240557992786,31364.0,31364.0
2024-03-01,20.08950992223409,19.937929112961697,20.20066918236717,19.80655907825896,25096.0,25096.0
2024-03-04,19.83687524011344,19.584240557992786,19.99856143667065,19.382132812296263,28868.0,28868.0
2024-03-05,19.584240557992786,19.62466210713209,19.63476749441692,19.351816650441787,14316.0,14316.0
2024-03-06,19.483186685144528,19.594345945277613,19.786348303689305,19.44276513600522,13160.0,13160.0
2024-03-07,19.594345945277613,19.30128971401766,19.644872881701744,19.281078939448005,15798.0,15798.0
2024-03-08,19.291184326732832,19.2406573903087,19.412448974150745,19.028444257327354,16340.0,16340.0
2024-03-11,19.786348303689305,19.877296789252743,20.321933829785085,19.63476749441692,30891.0,30891.0
2024-03-12,19.91771833839205,20.02887759852513,20.069299147664434,19.69539981812587,23548.0,23548.0
2024-03-13,20.05919376037961,20.049088373094783,20.150142245943044,19.92782372567687,14643.0,14643.0
2024-03-14,20.00866682395548,19.867191401967915,20.08950992223409,19.72571597998035,13934.0,13934.0
2024-03-15,19.91771833839205,20.018772211240304,20.069299147664434,19.654978268986568,12769.0,12769.0
2024-03-18,20.190563795082348,20.726149321178127,20.928257066874647,20.18045840779752,36274.0,36274.0
2024-03-19,20.66551699746917,20.77667625760225,21.100048650716687,20.554357737336083,25665.0,25665.0
2024-03-20,20.77667625760225,20.857519355880864,20.908046292304995,20.66551699746917,19140.0,19140.0
2024-03-21,20.887835517735343,20.73625470846295,20.887835517735343,20.524041575481604,18537.0,18537.0
2024-03-22,20.655411610184345,20.524041575481604,20.86762474316569,20.40277692806369,20137.0,20137.0
2024-03-25,20.453303864487825,20.27140689336096,20.887835517735343,20.210774569652,22332.0,22332.0
2024-03-26,20.24109073150648,20.31182844250026,20.4836200263423,20.02887759852513,18727.0,18727.0
2024-03-27,20.332039217069912,19.67518904355622,20.332039217069912,19.614556719847265,17371.0,17371.0
2024-03-28,19.594345945277613,19.92782372567687,20.08950992223409,19.594345945277613,19568.0,19568.0
2024-03-29,19.92782372567687,20.16024763322787,20.18045840779752,19.92782372567687,16540.0,16540.0
2024-04-01,20.321933829785085,21.06973248886221,21.292051009128382,20.251196118791302,39055.0,39055.0
2024-04-02,21.079837876147035,21.292051009128382,21.41331565654629,21.04952171429256,27818.0,27818.0
2024-04-03,21.21120791084977,21.292051009128382,21.44363181840077,21.04952171429256,20612.0,20612.0
2024-04-08,21.292051009128382,20.81709780674156,21.37289410740699,20.77667625760225,19384.0,19384.0
2024-04-09,20.81709780674156,21.180891748995297,21.180891748995297,20.796887032171902,13868.0,13868.0
2024-04-10,21.06973248886221,20.756465483032603,21.2213132981346,20.61499006104504,18734.0,18734.0
2024-04-11,20.655411610184345,20.756465483032603,21.100048650716687,20.49372541362713,18430.0,18430.0
2024-04-12,20.81709780674156,20.453303864487825,20.857519355880864,20.41288231534852,18044.0,18044.0
2024-04-15,20.57456851190573,19.90761295110721,20.57456851190573,19.644872881701744,29938.0,29938.0
2024-04-16,19.786348303689305,19.513502846999003,19.937929112961697,19.06886580646666,47779.0,47779.0
2024-04-17,19.42255436143557,20.46340925177265,20.51393618819678,19.42255436143557,36181.0,36181.0
2024-04-18,20.47351463905748,20.554357737336083,20.857519355880864,20.210774569652,26074.0,26074.0
2024-04-19,20.544252350051256,20.74636009574778,20.86762474316569,20.392671540778867,20594.0,20594.0
2024-04-22,20.68572777203882,20.60488467376021,21.01920555243808,20.524041575481604,20956.0,20956.0
2024-04-23,20.695833159323648,20.29161766793061,20.7160439338933,20.27140689336096,16007.0,16007.0
2024-04-24,20.26130150607613,20.4836200263423,20.554357737336083,20.018772211240304,16865.0,16865.0
2024-04-25,20.352249991639564,20.897940905020167,20.91815167958982,20.352249991639564,20770.0,20770.0
2024-04-26,20.978784003298777,21.6861611132366,22.08027121734481,20.91815167958982,63014.0,63014.0
2024-04-29,22.08027121734481,23.03017762211845,23.171653044106016,21.87816347164829,75240.0,75240.0
2024-04-30,22.85838603827641,23.30302307880876,23.393971564372187,22.79775371456745,52468.0,52468.0
2024-05-06,23.34344462794806,23.34344462794806,23.58597392278388,22.989756072979148,47754.0,47754.0
2024-05-07,23.34344462794806,23.777976281195578,23.87903015404384,23.2423907550998,50602.0,50602.0
2024-05-08,23.61629008463836,23.383866177087363,23.86892476675901,23.27270691695428,36222.0,36222.0
2024-05-09,23.41418233894184,23.393971564372187,23.7476601193411,23.29291769152393,37480.0,37480.0
2024-05-10,23.54555237364458,23.424287726226662,23.67692240834732,23.323233853378404,25696.0,25696.0
2024-05-13,23.252496142384626,22.888702200130886,23.333339240663232,22.848280650991583,35574.0,35574.0
2024-05-14,23.21207459324532,22.80785910185228,23.21207459324532,22.78764832728263,28567.0,28567.0
2024-05-15,23.04028300940328,22.85838603827641,23.181758431390843,22.646172905295064,20218.0,20218.0
2024-05-16,22.868491425561235,22.85838603827641,23.29291769152393,22.75733216542815,22226.0,22226.0
2024-05-17,22.7775429399978,23.29291769152393,23.323233853378404,22.7775429399978,25991.0,25991.0
2024-05-20,23.393971564372187,23.36365540251771,23.636500859208013,23.13123149496672,28276.0,28276.0
2024-05-21,23.2423907550998,22.989756072979148,23.30302307880876,22.949334523839845,16520.0,16520.0
2024-05-22,23.080704558542585,22.97965068569432,23.191863818675667,22.89880758741572,17388.0,17388.0
2024-05-23,23.121126107681885,22.57543519430128,23.13123149496672,22.47438132145302,19952.0,19952.0
2024-05-24,22.595645968870933,22.57543519430128,22.888702200130886,22.5046974833075,17862.0,17862.0
2024-05-27,22.58554058158611,22.7775429399978,22.82806987642193,22.36322206131993,14366.0,14366.0
2024-05-28,22.89880758741572,22.52490825787715,22.90891297470054,22.47438132145302,12961.0,12961.0
2024-05-29,22.11,22.31,22.45,22.06,16550.0,16550.0
2024-05-30,22.27,22.33,22.61,22.19,15028.0,15028.0
2024-05-31,22.36,22.42,22.72,22.14,24933.0,24933.0
2024-06-03,22.3,22.05,22.34,21.97,30654.0,30654.0
2024-06-04,22.06,22.18,22.27,21.7,23014.0,23014.0
2024-06-05,22.11,21.67,22.29,21.64,18180.0,18180.0
2024-06-06,21.78,21.29,21.89,21.16,21577.0,21577.0
2024-06-07,21.51,21.43,21.68,21.23,20919.0,20919.0
2024-06-11,21.37,21.53,21.58,21.1,12703.0,12703.0
2024-06-12,21.45,21.3,21.68,21.25,20014.0,20014.0
2024-06-13,21.4,21.06,21.41,21.0,18365.0,18365.0
2024-06-14,21.12,20.95,21.12,20.77,26260.0,26260.0
2024-06-17,20.82,20.55,20.95,20.44,25667.0,25667.0
2024-06-18,20.57,20.23,20.61,20.14,26025.0,26025.0
2024-06-19,20.23,19.87,20.34,19.85,23390.0,23390.0
2024-06-20,19.88,19.32,20.04,19.3,23042.0,23042.0
2024-06-21,19.26,19.33,19.53,19.15,14071.0,14071.0
2024-06-24,19.27,18.8,19.28,18.62,30794.0,30794.0
2024-06-25,18.81,19.04,19.19,18.73,26057.0,26057.0
2024-06-26,19.04,19.42,19.45,18.88,16223.0,16223.0
2024-06-27,19.42,18.88,19.53,18.85,17039.0,17039.0
2024-06-28,18.92,18.7,19.11,18.62,22945.0,22945.0
2024-07-01,18.67,18.77,18.84,18.42,23003.0,23003.0
2024-07-02,18.82,18.56,18.98,18.55,21543.0,21543.0
2024-07-03,18.52,18.55,18.72,18.49,15987.0,15987.0
2024-07-04,18.76,18.24,18.76,18.2,16214.0,16214.0
2024-07-05,18.2,18.5,18.58,18.08,13597.0,13597.0
2024-07-08,18.39,17.97,18.48,17.92,19489.0,19489.0
2024-07-09,18.0,18.24,18.39,17.8,22767.0,22767.0
2024-07-10,18.08,18.31,18.52,18.08,16604.0,16604.0
2024-07-11,18.68,18.8,18.97,18.48,18367.0,18367.0
2024-07-12,18.88,18.75,18.88,18.64,13514.0,13514.0
2024-07-15,18.69,18.38,18.7,18.35,12157.0,12157.0
2024-07-16,18.37,18.2,18.47,18.13,14086.0,14086.0
2024-07-17,18.2,17.85,18.2,17.83,16277.0,16277.0
2024-07-18,17.87,17.93,17.95,17.53,15586.0,15586.0
2024-07-19,17.88,18.08,18.17,17.68,15329.0,15329.0
2024-07-22,18.0,17.94,18.16,17.91,14842.0,14842.0
2024-07-23,17.92,17.47,18.07,17.47,15395.0,15395.0
2024-07-24,17.61,17.22,17.61,17.19,12931.0,12931.0
2024-07-25,17.17,17.41,17.52,17.12,9607.0,9607.0
2024-07-26,17.39,17.72,17.8,17.35,12650.0,12650.0
2024-07-29,17.7,17.57,17.77,17.56,9485.0,9485.0
2024-07-30,17.56,17.51,17.63,17.34,10322.0,10322.0
2024-07-31,17.51,18.24,18.27,17.45,18435.0,18435.0
2024-08-01,18.24,18.11,18.46,18.05,14554.0,14554.0
2024-08-02,17.98,18.0,18.2,17.91,11675.0,11675.0
2024-08-05,17.81,17.74,18.25,17.7,16328.0,16328.0
2024-08-06,17.91,18.07,18.1,17.85,12243.0,12243.0
2024-08-07,18.14,18.12,18.14,17.88,10044.0,10044.0
2024-08-08,18.05,18.23,18.35,17.94,11425.0,11425.0
2024-08-09,18.26,18.18,18.38,18.12,10413.0,10413.0
2024-08-12,18.0,18.04,18.18,17.95,8309.0,8309.0
2024-08-13,18.09,18.18,18.18,17.87,8127.0,8127.0
2024-08-14,18.2,17.88,18.22,17.82,9430.0,9430.0
2024-08-15,17.71,17.92,18.08,17.71,10977.0,10977.0
2024-08-16,17.92,17.84,18.05,17.78,9419.0,9419.0
2024-08-19,17.76,17.83,18.04,17.76,9438.0,9438.0
2024-08-20,17.95,17.47,17.95,17.41,11526.0,11526.0
2024-08-21,17.5,17.35,17.57,17.3,6391.0,6391.0
2024-08-22,17.35,17.02,17.44,16.99,9416.0,9416.0
2024-08-23,17.02,16.92,17.16,16.86,13585.0,13585.0
2024-08-26,17.05,17.4,17.44,16.98,10282.0,10282.0
2024-08-27,17.41,17.18,17.45,17.14,8157.0,8157.0
2024-08-28,17.15,17.5,17.57,17.08,9366.0,9366.0
2024-08-29,17.26,17.86,17.88,17.26,10715.0,10715.0
2024-08-30,18.15,18.35,18.58,17.62,32391.0,32391.0
2024-09-02,18.23,18.21,18.48,18.2,20150.0,20150.0
2024-09-03,18.11,18.44,18.49,18.11,11078.0,11078.0
2024-09-04,18.43,18.36,18.56,18.31,11411.0,11411.0
2024-09-05,18.4,18.21,18.51,18.18,11798.0,11798.0
2024-09-06,18.22,18.02,18.34,18.0,11470.0,11470.0
2024-09-09,17.78,17.86,18.05,17.78,8295.0,8295.0
2024-09-10,17.92,17.87,18.01,17.55,9894.0,9894.0
2024-09-11,17.97,17.97,18.04,17.65,11107.0,11107.0
2024-09-12,17.97,17.82,18.18,17.81,12098.0,12098.0
2024-09-13,17.82,17.52,17.91,17.5,9997.0,9997.0
2024-09-18,17.52,17.48,17.59,17.25,7983.0,7983.0
2024-09-19,17.5,17.92,18.02,17.43,11314.0,11314.0
2024-09-20,17.99,17.81,17.99,17.73,8357.0,8357.0
2024-09-23,17.92,17.91,17.97,17.73,6805.0,6805.0
2024-09-24,18.05,18.47,18.48,18.0,17638.0,17638.0
2024-09-25,18.62,18.57,18.93,18.5,21226.0,21226.0
2024-09-26,18.5,19.1,19.1,18.46,21350.0,21350.0
2024-09-27,19.3,19.85,20.07,19.23,35539.0,35539.0
2024-09-30,20.49,21.84,21.84,20.22,79290.0,79290.0
2024-10-08,24.01,23.17,24.02,22.54,97659.0,97659.0
2024-10-09,22.94,21.46,23.17,21.3,61167.0,61167.0
2024-10-10,21.51,21.5,22.07,21.09,36242.0,36242.0
2024-10-11,21.5,20.78,21.55,20.59,28787.0,28787.0
2024-10-14,20.88,20.99,21.08,20.48,23306.0,23306.0
2024-10-15,20.92,20.47,21.06,20.47,21471.0,21471.0
2024-10-16,20.41,20.51,20.74,20.29,18894.0,18894.0
2024-10-17,20.75,20.32,20.93,20.28,18456.0,18456.0
2024-10-18,20.28,20.75,21.01,20.23,32303.0,32303.0
2024-10-21,20.78,20.89,21.15,20.63,35064.0,35064.0
2024-10-22,20.87,21.36,21.36,20.76,25382.0,25382.0
2024-10-23,21.36,21.35,21.54,21.18,24042.0,24042.0
2024-10-24,21.35,21.19,21.43,21.07,15780.0,15780.0
2024-10-25,21.19,21.48,21.58,21.05,19428.0,19428.0
2024-10-28,21.56,22.23,22.25,21.47,29789.0,29789.0
2024-10-29,22.25,21.47,22.35,21.44,32588.0,32588.0
2024-10-30,21.42,22.04,22.59,21.35,45769.0,45769.0
2024-10-31,22.7,22.87,23.3,22.52,66028.0,66028.0
2024-11-01,22.86,22.36,23.31,22.27,42044.0,42044.0
2024-11-04,22.62,23.05,23.3,22.53,40238.0,40238.0
2024-11-05,23.0,23.14,23.15,22.87,41134.0,41134.0
2024-11-06,23.25,22.97,23.27,22.86,34832.0,34832.0
2024-11-07,22.97,23.6,23.85,22.76,42447.0,42447.0
2024-11-08,23.81,23.35,23.85,23.24,35979.0,35979.0
2024-11-11,23.28,23.48,23.48,23.11,28786.0,28786.0
2024-11-12,23.58,23.2,23.87,23.05,39098.0,39098.0
2024-11-13,23.11,22.9,23.3,22.47,37357.0,37357.0
2024-11-14,22.89,22.25,23.05,22.2,27989.0,27989.0
2024-11-15,22.29,22.0,22.58,21.98,26086.0,26086.0
2024-11-18,22.19,22.06,22.56,21.91,29445.0,29445.0
2024-11-19,22.13,22.62,22.65,22.06,22006.0,22006.0
2024-11-20,22.59,22.76,22.84,22.45,17736.0,17736.0
2024-11-21,22.7,22.74,22.85,22.52,19928.0,19928.0
2024-11-22,22.6,21.85,22.79,21.81,29402.0,29402.0
2024-11-25,21.86,22.31,22.48,21.86,26531.0,26531.0
2024-11-26,22.31,22.17,22.47,22.09,16963.0,16963.0
2024-11-27,22.18,22.3,22.32,21.5,23113.0,23113.0
2024-11-28,22.22,22.17,22.37,22.13,16282.0,16282.0
2024-11-29,22.21,22.53,22.62,22.08,22264.0,22264.0
2024-12-02,22.52,22.98,23.04,22.4,25502.0,25502.0
2024-12-03,23.0,22.76,23.15,22.6,22672.0,22672.0
2024-12-04,22.76,22.34,22.8,22.28,19385.0,19385.0
2024-12-05,22.4,22.48,22.56,22.3,14796.0,14796.0
2024-12-06,22.49,22.81,22.86,22.27,20928.0,20928.0
2024-12-09,22.98,23.28,23.84,22.86,44039.0,44039.0
2024-12-10,23.89,23.91,24.49,23.51,64762.0,64762.0
2024-12-11,23.92,23.73,24.09,23.61,35669.0,35669.0
2024-12-12,23.73,24.08,24.1,23.43,29136.0,29136.0
2024-12-13,24.08,24.15,24.43,23.9,44539.0,44539.0
2024-12-16,24.0,23.84,24.76,23.77,39905.0,39905.0
2024-12-17,24.94,24.8,26.22,24.66,223139.0,223139.0
2024-12-18,23.81,23.62,24.3,23.4,148411.0,148411.0
2024-12-19,23.63,23.41,23.8,23.25,67045.0,67045.0
2024-12-20,23.4,23.43,23.75,23.22,46771.0,46771.0
2024-12-23,23.43,22.77,23.63,22.66,51347.0,51347.0
2024-12-24,22.95,23.07,23.46,22.78,40685.0,40685.0
2024-12-25,23.01,23.08,23.22,22.79,24368.0,24368.0
2024-12-26,23.02,23.25,23.36,22.95,30671.0,30671.0
2024-12-27,23.35,23.83,24.16,23.28,39867.0,39867.0
2024-12-30,23.85,23.82,23.91,23.48,24970.0,24970.0
2024-12-31,23.82,23.07,23.86,23.03,28258.0,28258.0
2025-01-02,23.01,22.63,23.29,22.45,40785.0,40785.0
2025-01-03,22.76,21.85,22.8,21.78,47650.0,47650.0
2025-01-06,21.83,22.0,22.29,21.57,25041.0,25041.0
2025-01-07,21.94,22.18,22.2,21.85,18430.0,18430.0
2025-01-08,22.1,22.4,22.53,21.48,34491.0,34491.0
2025-01-09,22.3,22.81,23.1,22.19,28203.0,28203.0
2025-01-10,22.74,22.9,23.28,22.54,43135.0,43135.0
2025-01-13,22.41,22.82,22.99,22.4,26790.0,26790.0
2025-01-14,22.74,23.55,23.55,22.61,28956.0,28956.0
2025-01-15,23.44,23.74,24.03,23.32,29099.0,29099.0
2025-01-16,23.91,23.55,24.18,23.31,27550.0,27550.0
2025-01-17,23.54,23.6,23.88,23.42,24898.0,24898.0
2025-01-20,23.63,23.68,23.87,23.55,22738.0,22738.0
2025-01-21,23.73,23.83,23.95,23.5,20393.0,20393.0
2025-01-22,23.81,23.55,23.96,23.41,26809.0,26809.0
2025-01-23,23.75,23.4,23.83,23.35,25226.0,25226.0
2025-01-24,23.52,23.7,23.82,23.4,24720.0,24720.0
2025-01-27,23.94,24.07,24.45,23.91,24295.0,24295.0
2025-02-05,23.98,23.96,24.39,23.81,27716.0,27716.0
2025-02-06,23.9,24.2,24.26,23.83,30611.0,30611.0
2025-02-07,24.18,23.9,24.21,23.7,42753.0,42753.0
2025-02-10,23.91,23.63,23.91,23.35,30407.0,30407.0
2025-02-11,23.61,23.87,23.9,23.36,28709.0,28709.0
2025-02-12,23.9,23.75,23.91,23.49,28294.0,28294.0
2025-02-13,23.71,23.2,23.75,23.16,31721.0,31721.0
2025-02-14,23.2,22.87,23.29,22.85,29364.0,29364.0
2025-02-17,22.88,22.89,22.99,22.66,25188.0,25188.0
2025-02-18,22.84,22.44,22.96,22.33,23153.0,23153.0
2025-02-19,22.44,22.8,22.92,22.35,22924.0,22924.0
2025-02-20,22.8,23.99,24.15,22.7,86788.0,86788.0
2025-02-21,24.04,23.86,24.9,23.83,112301.0,112301.0
2025-02-24,23.86,25.1,25.3,23.86,110226.0,110226.0
2025-02-25,24.7,24.71,24.97,24.3,70616.0,70616.0
2025-02-26,24.8,24.98,25.47,24.78,77640.0,77640.0
2025-02-27,25.0,25.7,26.11,24.84,97846.0,97846.0
2025-02-28,25.57,24.86,25.88,24.79,73677.0,73677.0
2025-03-03,24.64,24.69,25.34,24.53,52864.0,52864.0
2025-03-04,24.7,24.64,25.35,24.57,50321.0,50321.0
2025-03-05,24.6,24.2,24.64,24.02,43784.0,43784.0
2025-03-06,24.63,24.39,24.97,24.36,53002.0,53002.0
2025-03-07,24.32,25.33,25.4,24.2,72841.0,72841.0
2025-03-10,25.28,24.85,25.28,24.71,49108.0,49108.0
2025-03-11,24.64,24.74,24.92,24.36,36690.0,36690.0
2025-03-12,24.75,24.64,24.84,24.28,46820.0,46820.0
2025-03-13,24.62,24.85,25.53,24.43,75740.0,75740.0
2025-03-14,24.67,25.21,25.26,24.37,62052.0,62052.0
2025-03-17,25.3,25.35,25.44,25.04,42365.0,42365.0
2025-03-18,25.56,26.73,27.03,25.51,106353.0,106353.0
2025-03-19,26.44,25.92,26.58,25.75,70930.0,70930.0
2025-03-20,25.89,26.25,26.66,25.89,65033.0,65033.0
2025-03-21,26.25,25.38,26.45,25.25,61922.0,61922.0
2025-03-24,25.39,25.04,25.68,24.61,49892.0,49892.0
2025-03-25,24.97,25.29,25.73,24.66,48965.0,48965.0
2025-03-26,25.28,25.71,25.78,25.17,49905.0,49905.0
2025-03-27,25.63,25.49,25.84,25.2,32990.0,32990.0
2025-03-28,25.55,24.78,25.57,24.76,37939.0,37939.0
2025-03-31,24.5,24.56,24.76,24.03,39084.0,39084.0
2025-04-01,24.55,24.99,25.14,24.54,30081.0,30081.0
2025-04-02,24.91,25.14,25.47,24.9,26138.0,26138.0
2025-04-03,24.8,25.0,25.1,24.37,34657.0,34657.0
2025-04-07,23.51,23.29,23.97,22.5,118048.0,118048.0
2025-04-08,23.24,23.92,24.2,23.24,75188.0,75188.0
2025-04-09,23.48,24.17,24.51,23.21,55873.0,55873.0
2025-04-10,24.55,24.85,25.0,24.32,40788.0,40788.0
2025-04-11,24.51,25.16,25.46,24.45,37073.0,37073.0
2025-04-14,25.32,25.33,25.6,25.08,31071.0,31071.0
2025-04-15,25.24,25.43,25.6,25.11,23623.0,23623.0
2025-04-16,25.29,25.07,25.38,24.61,24553.0,24553.0
2025-04-17,24.86,25.41,25.58,24.83,23163.0,23163.0
2025-04-18,25.4,25.27,25.54,25.05,16641.0,16641.0
2025-04-21,25.25,26.03,26.05,25.18,32014.0,32014.0
2025-04-22,25.83,26.14,26.46,25.83,28346.0,28346.0
2025-04-23,26.18,26.31,26.48,25.9,30794.0,30794.0
2025-04-24,26.25,26.72,26.93,26.11,36367.0,36367.0
2025-04-25,26.8,26.7,26.85,26.48,25792.0,25792.0
2025-04-28,25.5,25.99,26.1,24.88,85647.0,85647.0
2025-04-29,25.9,25.72,26.43,25.6,43537.0,43537.0
2025-04-30,25.86,25.11,25.91,25.05,46356.0,46356.0
2025-05-06,25.11,25.32,25.34,24.9,35112.0,35112.0
2025-05-07,25.45,25.63,25.97,25.4,28241.0,28241.0
2025-05-08,25.63,25.75,25.87,25.47,24014.0,24014.0
2025-05-09,25.58,25.45,25.75,25.41,20762.0,20762.0
2025-05-12,25.5,25.63,25.98,25.44,29807.0,29807.0
2025-05-13,25.81,25.63,25.88,25.33,25012.0,25012.0
2025-05-14,25.55,26.86,27.3,25.45,94467.0,94467.0
2025-05-15,26.85,26.29,27.07,26.12,49516.0,49516.0
2025-05-16,26.06,26.46,26.75,26.04,37088.0,37088.0
2025-05-19,26.43,25.93,26.48,25.55,39277.0,39277.0
2025-05-20,25.87,26.21,26.25,25.7,22924.0,22924.0
2025-05-21,26.06,25.85,26.49,25.64,25726.0,25726.0
2025-05-22,25.82,25.11,26.18,25.11,36448.0,36448.0
2025-05-23,25.12,25.19,25.67,25.12,20176.0,20176.0
2025-05-26,25.11,25.49,25.63,25.02,21798.0,21798.0
2025-05-27,25.52,25.37,25.63,25.2,18251.0,18251.0
2025-05-28,25.4,25.61,25.82,25.4,19032.0,19032.0
2025-05-29,25.46,25.45,25.68,25.2,19007.0,19007.0
2025-05-30,25.45,25.67,25.8,25.3,20694.0,20694.0
2025-06-03,25.6,26.12,26.25,25.35,28781.0,28781.0
2025-06-04,25.94,26.39,26.51,25.85,27323.0,27323.0
2025-06-05,26.48,26.67,27.04,26.2,39223.0,39223.0
2025-06-06,26.29,26.63,26.68,25.93,38311.0,38311.0
2025-06-09,26.65,26.77,27.49,26.52,40912.0,40912.0
2025-06-10,26.98,26.4,27.04,26.12,30685.0,30685.0
2025-06-11,26.6,26.66,26.92,26.46,29581.0,29581.0
2025-06-12,26.55,26.63,27.05,26.42,29466.0,29466.0
2025-06-13,26.6,26.51,26.89,26.13,31390.0,31390.0
2025-06-16,26.52,26.23,26.79,26.15,25225.0,25225.0
2025-06-17,26.08,25.63,26.08,25.62,18502.0,18502.0
2025-06-18,25.6,25.48,25.68,25.1,21139.0,21139.0
2025-06-19,25.55,25.18,25.75,25.18,19980.0,19980.0
2025-06-20,25.18,25.19,25.55,25.1,14473.0,14473.0
2025-06-23,25.15,25.07,25.25,24.81,18567.0,18567.0
2025-06-24,25.21,25.97,26.12,25.2,28873.0,28873.0
2025-06-25,25.97,26.12,26.18,25.71,25844.0,25844.0
2025-06-26,25.87,26.06,26.55,25.87,19257.0,19257.0
2025-06-27,26.13,26.08,26.35,25.97,18229.0,18229.0
2025-06-30,26.1,26.41,26.69,26.07,37060.0,37060.0
2025-07-01,26.41,26.55,26.67,26.23,22153.0,22153.0
2025-07-02,26.43,26.57,26.65,26.39,18711.0,18711.0
2025-07-03,26.47,27.45,28.25,26.47,87508.0,87508.0
2025-07-04,27.4,29.38,29.56,27.12,119355.0,119355.0
2025-07-07,29.41,30.82,31.07,28.71,145306.0,145306.0
2025-07-08,30.81,31.07,31.57,30.48,105384.0,105384.0
2025-07-09,30.98,31.59,31.93,30.81,79066.0,79066.0
2025-07-10,31.2,31.45,31.77,30.81,56911.0,56911.0
2025-07-11,31.45,30.78,31.55,30.62,46689.0,46689.0
2025-07-14,30.78,31.48,31.51,30.58,39668.0,39668.0
2025-07-15,31.45,30.91,31.57,30.75,31995.0,31995.0
2025-07-16,30.91,32.25,32.71,30.76,85441.0,85441.0
2025-07-17,33.75,34.37,34.73,31.39,157852.0,157852.0
2025-07-18,34.57,34.27,35.35,33.7,116495.0,116495.0
2025-07-21,34.1,34.08,34.6,33.4,66471.0,66471.0
2025-07-22,33.8,34.44,35.16,33.7,50872.0,50872.0
2025-07-23,34.68,35.17,35.72,34.2,55164.0,55164.0
2025-07-24,35.82,35.36,36.44,34.2,66771.0,66771.0
2025-07-25,35.24,35.36,35.59,34.78,39735.0,39735.0
2025-07-28,35.29,36.84,37.1,35.26,78027.0,78027.0
2025-07-29,36.44,37.23,37.42,36.28,65555.0,65555.0
2025-07-30,37.23,37.08,37.7,36.41,43325.0,43325.0
2025-07-31,36.88,36.06,37.87,35.83,49895.0,49895.0
2025-08-01,35.96,35.75,38.23,35.62,86827.0,86827.0
2025-08-04,36.05,35.2,36.05,32.58,53380.0,53380.0
2025-08-05,35.21,37.5,37.95,34.85,89973.0,89973.0
2025-08-06,37.4,39.05,39.98,37.21,106253.0,106253.0
2025-08-07,38.9,39.39,39.83,38.5,68186.0,68186.0
2025-08-08,39.0,39.57,40.08,38.8,50612.0,50612.0
2025-08-11,40.0,40.57,41.1,38.98,60603.0,60603.0
2025-08-12,40.58,40.2,40.59,39.45,39541.0,39541.0
2025-08-13,40.2,42.42,42.89,39.94,61762.0,61762.0
2025-08-14,42.18,41.88,42.74,41.32,47388.0,47388.0
2025-08-15,41.5,45.62,45.8,41.5,62674.0,62674.0
2025-08-18,46.15,49.02,49.79,45.21,75137.0,75137.0
2025-08-19,48.79,48.0,50.38,47.28,58797.0,58797.0
2025-08-20,48.1,49.97,50.38,47.31,50438.0,50438.0
2025-08-21,50.18,48.63,52.1,48.45,58572.0,58572.0
2025-08-22,49.17,48.24,49.17,46.8,60566.0,60566.0
2025-08-25,48.12,47.47,48.46,46.85,48332.0,48332.0
2025-08-26,47.4,47.7,48.16,46.7,41918.0,41918.0
2025-08-27,47.38,45.75,48.12,45.5,64824.0,64824.0
2025-08-28,45.75,45.38,45.99,43.9,64745.0,64745.0
2025-08-29,45.31,48.28,48.76,44.72,84961.0,84961.0
2025-09-01,50.28,48.8,51.72,47.81,79891.0,
2025-09-02,49.0,47.68,49.79,44.0,70557.0,
2025-09-03,47.5,47.55,48.49,47.15,37641.0,
2025-09-04,47.48,46.08,47.71,45.08,37276.0,
2025-09-05,46.18,47.61,47.88,45.8,37085.0,
2025-09-08,47.61,49.33,49.82,46.87,49967.0,
2025-09-09,49.0,47.78,49.47,47.4,37458.0,
2025-09-10,47.79,47.71,48.87,47.15,27743.0,
2025-09-11,47.2,46.91,47.56,45.9,58601.0,
2025-09-12,46.67,46.08,46.8,45.7,32618.0,
2025-09-15,46.03,46.18,47.01,45.7,36119.0,
2025-09-16,46.25,47.1,47.7,45.67,39138.0,
2025-09-17,46.89,47.7,48.48,46.48,43524.0,
2025-09-18,47.6,52.47,52.47,47.26,70996.0,
2025-09-19,52.77,48.01,53.5,47.23,149103.0,
2025-09-22,47.36,47.49,48.15,46.0,74417.0,
2025-09-23,47.52,45.6,48.38,44.41,64475.0,
2025-09-24,45.38,47.47,48.05,45.01,63908.0,
2025-09-25,47.27,47.35,48.56,47.01,39395.0,
2025-09-26,47.39,46.3,48.12,45.61,37655.0,
2025-09-29,46.31,49.15,49.98,45.88,69924.0,
2025-09-30,49.18,49.16,49.88,48.58,34383.0,
2025-10-09,48.74,48.8,50.28,48.5,32280.0,
2025-10-10,48.96,49.85,50.77,47.91,45050.0,
2025-10-13,47.95,49.07,49.49,47.16,32093.0,
2025-10-14,49.32,47.1,49.32,46.2,38251.0,
2025-10-15,47.2,48.7,49.37,46.61,28094.0,
2025-10-16,48.68,47.16,48.9,46.5,26296.0,
2025-10-17,46.95,46.5,47.66,46.5,16996.0,
2025-10-20,47.39,46.53,47.79,46.01,18083.0,
2025-10-21,46.54,49.77,50.2,46.41,54273.0,
2025-10-22,49.88,50.58,51.17,48.51,50048.0,
2025-10-23,50.64,48.73,50.98,48.38,31775.0,
2025-10-24,48.75,51.25,51.79,48.34,43486.0,
2025-10-27,51.23,51.24,52.78,50.49,36615.0,
2025-10-28,51.27,52.76,52.81,50.8,33534.0,
2025-10-29,52.98,52.09,53.32,50.91,43152.0,
2025-10-30,51.96,50.88,52.13,50.81,22497.0,
2025-10-31,50.87,51.3,52.75,50.7,22999.0,
2025-11-03,51.33,52.59,54.45,51.3,42752.0,
2025-11-04,51.52,50.18,52.44,49.3,38400.0,
2025-11-05,49.7,51.1,51.16,48.99,28206.0,
2025-11-06,50.67,53.53,55.0,50.36,48965.0,
2025-11-07,53.23,58.88,58.88,53.18,70084.0,
2025-11-10,61.68,58.08,61.7,55.91,90436.0,
2025-11-11,58.07,63.7,63.89,56.69,106389.0,
2025-11-12,63.06,60.9,63.29,58.88,84596.0,
2025-11-13,59.95,59.29,60.3,57.59,35868.0,
2025-11-14,58.59,56.18,59.32,56.11,49375.0,
2025-11-17,56.18,55.17,57.41,55.0,33470.0,
2025-11-18,55.0,55.98,56.14,54.5,26701.0,
2025-11-19,55.5,55.88,56.1,53.42,31499.0,
2025-11-20,55.86,53.13,55.86,53.0,24953.0,
2025-11-21,52.08,49.7,52.58,49.51,34192.0,
2025-11-24,49.7,49.0,50.54,48.74,19450.0,
2025-11-25,49.5,49.32,51.33,49.25,25268.0,
2025-11-26,49.19,49.81,50.8,49.05,18436.0,
2025-11-27,49.93,50.21,51.1,49.6,18461.0,
2025-11-28,50.48,51.11,51.77,49.82,18507.0,
2025-12-01,51.13,52.0,52.6,50.97,20075.0,
2025-12-02,52.07,51.45,52.73,51.3,16290.0,
2025-12-03,51.66,51.15,53.13,50.85,21270.0,
2025-12-04,51.78,53.83,54.11,51.1,38833.0,
2025-12-05,53.52,54.07,54.46,52.7,23330.0,
2025-12-08,54.57,54.23,55.2,53.31,23911.0,
2025-12-09,54.17,53.2,54.5,52.88,17795.0,
2025-12-10,53.21,54.07,54.99,53.21,25209.0,
2025-12-11,53.89,52.49,53.99,52.2,24674.0,
2025-12-12,52.2,52.22,52.8,51.7,18725.0,
2025-12-15,52.01,52.66,53.45,52.0,18274.0,
2025-12-16,52.69,52.19,53.39,51.49,12851.0,
2025-12-17,52.2,53.51,53.59,52.01,14420.0,
2025-12-18,53.04,53.1,53.85,52.83,14521.0,
2025-12-19,53.14,52.6,53.37,52.2,18083.0,
2025-12-22,52.62,51.84,52.81,51.69,26486.0,
2025-12-23,51.72,51.52,52.35,51.32,16351.0,
2025-12-24,51.53,51.27,51.89,50.81,22437.0,
2025-12-25,51.27,50.78,51.51,49.21,28966.0,
2025-12-26,50.78,50.28,50.88,49.65,34614.0,
2025-12-29,50.54,53.38,53.39,50.35,56668.0,
2025-12-30,52.8,52.9,54.1,52.01,38038.0,
2025-12-31,52.9,52.68,53.2,51.44,23849.0,
2026-01-05,52.47,52.95,53.25,51.8,27999.0,
2026-01-06,52.95,53.0,55.22,52.88,31227.0,
2026-01-07,53.01,55.04,55.42,52.73,52022.0,
2026-01-08,54.38,53.85,54.63,53.03,39771.0,
2026-01-09,53.81,56.6,57.33,53.78,57497.0,
2026-01-12,56.76,59.73,60.06,55.9,70306.0,
2026-01-13,59.09,56.62,59.1,56.25,36864.0,
2026-01-14,56.5,55.88,56.59,54.31,35602.0,
2026-01-15,55.5,56.1,56.88,55.12,21975.0,
2026-01-16,56.0,57.05,58.29,55.6,37126.0,
2026-01-19,56.66,57.98,58.62,56.66,27293.0,
2026-01-20,57.96,56.8,58.23,55.88,24157.0,
2026-01-21,56.8,57.67,57.89,55.56,23715.0,
2026-01-22,58.33,58.99,59.43,57.34,31954.0,
2026-01-23,58.83,58.86,59.89,57.8,24600.0,
2026-01-26,59.0,58.63,60.22,57.77,25675.0,
2026-01-27,58.6,59.74,60.98,57.5,39831.0,
2026-01-28,59.49,58.14,59.7,56.81,36298.0,
2026-01-29,57.58,55.78,58.07,54.48,34809.0,
2026-01-30,55.18,58.69,58.86,54.61,47733.0,
2026-02-02,58.11,55.8,58.11,55.06,30870.0,
2026-02-03,55.72,55.75,57.25,55.18,32676.0,
2026-02-04,55.52,55.18,57.99,53.4,43412.0,
2026-02-05,54.9,51.71,54.93,51.52,47246.0,
2026-02-06,51.5,51.08,52.35,50.5,33250.0,
2026-02-09,51.67,50.29,51.78,50.09,43179.0,
2026-02-10,50.47,50.69,51.39,49.78,33013.0,
2026-02-11,50.32,50.74,51.27,50.3,25013.0,
2026-02-12,50.61,51.55,52.24,50.51,25674.0,
2026-02-13,51.49,53.3,53.63,51.2,37042.0,
2026-02-24,53.64,52.88,53.66,51.42,43516.0,
2026-02-25,52.94,53.29,53.8,52.53,21367.0,
2026-02-26,53.41,55.98,56.2,53.31,54976.0,
2026-02-27,56.21,55.95,56.39,54.91,31829.0,
2026-03-02,54.93,54.88,56.3,54.61,28696.0,
2026-03-03,54.65,55.01,57.28,53.96,50558.0,
2026-03-04,54.22,53.16,55.2,52.67,25690.0,
2026-03-05,54.28,53.19,55.1,52.41,31017.0,
2026-03-06,52.94,53.7,55.66,52.56,28251.0,
2026-03-09,53.0,52.3,53.55,51.5,43332.0,
2026-03-10,52.9,53.12,53.49,52.01,25499.0,
2026-03-11,53.38,52.67,53.71,51.61,31936.0,
2026-03-12,52.75,52.74,53.27,52.15,32889.0,
2026-03-13,52.29,53.86,54.88,52.29,51288.0,
2026-03-16,53.86,54.26,54.8,52.77,28802.0,
2026-03-17,54.24,50.65,54.24,50.25,37539.0,
2026-03-18,50.78,51.78,51.99,49.75,40302.0,
2026-03-19,51.08,50.95,52.78,50.14,30034.0,
2026-03-20,50.89,49.2,50.95,49.02,36492.0,
2026-03-23,48.01,47.42,49.35,46.98,29242.0,
2026-03-24,48.36,48.89,49.08,47.52,29964.0,
2026-03-25,48.92,49.55,50.48,48.56,42111.0,
2026-03-26,49.55,49.26,51.2,49.01,28149.0,
2026-03-27,48.89,49.68,50.2,48.36,23049.0,
2026-03-30,48.93,49.37,49.46,47.78,26573.0,
2026-03-31,50.36,47.02,51.24,46.95,49617.0,
2026-04-01,47.98,46.92,48.03,46.3,52058.0,
2026-04-02,46.65,46.0,46.89,45.32,26864.0,
2026-04-03,46.0,45.1,46.2,44.22,27165.0,
2026-04-07,44.95,46.28,46.77,44.95,29955.0,
2026-04-08,46.8,48.56,48.68,46.78,30261.0,
2026-04-09,48.0,48.0,48.56,47.3,27209.0,
2026-04-10,48.4,48.27,48.83,48.08,20892.0,
2026-04-13,48.17,48.45,48.97,48.06,25541.0,
2026-04-14,48.98,50.07,50.4,48.29,47290.0,
2026-04-15,50.22,49.64,50.88,49.51,37221.0,
2026-04-16,49.58,50.5,50.7,49.17,21092.0,
2026-04-17,50.45,50.44,51.29,49.3,31769.0,
2026-04-20,50.6,51.5,51.96,50.45,33109.0,
2026-04-21,51.28,51.5,52.2,50.88,24455.0,
2026-04-22,51.22,52.26,52.47,50.93,36082.0,
2026-04-23,52.21,52.27,53.0,51.9,24379.0,
2026-04-24,52.2,51.22,52.7,51.1,19575.0,
2026-04-27,51.02,52.98,53.57,50.76,37483.0,
2026-04-28,53.01,54.21,54.32,52.9,52685.0,
2026-04-29,53.0,54.33,55.18,51.66,76777.0,
2026-04-30,54.32,52.8,54.55,52.22,51064.0,
2026-05-06,52.99,54.81,55.18,52.95,48718.0,
2026-05-07,54.75,56.64,56.66,54.5,46602.0,
2026-05-08,56.64,57.82,59.95,55.64,62147.0,
2026-05-11,57.82,60.54,61.29,57.4,100173.0,
2026-05-12,60.8,61.0,61.55,59.17,46476.0,
2026-05-13,61.0,61.76,62.78,60.14,42591.0,
2026-05-14,61.76,61.23,62.66,60.36,44057.0,
2026-05-15,61.35,62.32,65.55,61.27,90777.0,
2026-05-18,61.51,62.67,63.8,61.28,58522.0,
2026-05-19,62.8,64.0,64.12,61.53,39450.0,
2026-05-20,63.81,65.25,65.81,63.63,53203.0,
2026-05-21,65.25,63.64,66.08,63.3,54905.0,
2026-05-22,63.7,64.14,65.08,61.99,48521.0,
2026-05-25,64.3,61.8,66.99,61.6,104620.0,
2026-05-26,62.26,61.95,62.7,60.4,95130.0,
2026-05-27,60.9,63.92,64.29,60.9,68358.0,
2026-05-28,63.93,68.05,70.31,63.93,140274.0,
2026-05-29,69.18,63.26,69.78,63.26,90204.0,
2026-06-01,62.99,63.49,64.92,62.78,54959.0,
2026-06-02,63.0,65.41,65.99,61.2,62019.0,
2026-06-03,65.28,63.6,65.52,62.82,41434.0,
2026-06-04,62.59,64.08,64.72,62.1,36737.0,
2026-06-05,64.1,64.47,66.2,62.69,41661.0,
2026-06-08,62.53,61.46,63.5,60.88,46034.0,
2026-06-09,62.69,63.16,63.81,59.5,53991.0,
2026-06-10,63.15,65.43,65.76,62.59,63316.0,
2026-06-11,65.3,66.99,68.08,65.0,73132.0,
2026-06-12,67.0,69.94,70.15,66.66,84044.0,
2026-06-15,69.95,75.81,76.93,67.6,177371.0,
2026-06-16,75.29,77.67,78.39,73.39,112774.0,
2026-06-17,77.21,78.36,80.77,76.89,111354.0,
2026-06-18,52.88,54.5,55.22,51.71,143015.0,
2026-06-22,54.04,52.95,54.49,51.58,124088.0,
2026-06-23,53.51,55.65,56.89,51.05,182142.0,
2026-06-24,55.8,54.45,55.99,52.71,127231.0,
2026-06-25,54.6,53.13,54.65,52.9,90138.0,
2026-06-26,53.01,51.1,53.38,50.51,100267.0,
2026-06-29,51.08,51.42,52.29,49.1,97738.0,
2026-06-30,51.42,52.06,52.86,51.33,71637.0,
2026-07-01,52.0,51.6,53.67,51.35,81922.0,
2026-07-02,51.3,52.74,56.76,49.71,169130.0,
2026-07-03,53.58,54.6,56.8,53.09,149125.0,
2026-07-06,54.66,54.6,56.88,54.0,135487.0,
2026-07-07,54.16,58.0,58.21,52.88,179112.0,
2026-07-08,58.38,60.01,62.66,58.01,222850.0,
2026-07-09,58.5,59.55,60.52,55.56,184910.0,
2026-07-10,59.39,56.85,60.49,56.0,147734.0,
2026-07-13,58.34,52.23,62.54,51.38,277276.0,
2026-07-14,52.64,56.61,57.09,52.3,182288.0,
2026-07-15,57.74,59.0,61.98,57.4,165848.0,
2026-07-16,59.0,55.59,59.26,54.89,142324.0,
2026-07-17,54.69,50.75,55.59,50.42,135614.0,
2026-07-20,52.59,45.68,52.8,45.68,176691.0,
2026-07-21,44.88,46.9,47.15,41.11,225889.0,
2026-07-22,46.9,50.1,50.66,46.0,169948.0,
2026-07-23,49.45,49.41,50.43,48.29,101617.0,
2026-07-24,47.99,46.5,49.0,46.41,85199.0,
2026-07-27,46.13,49.06,49.38,45.37,101434.0,
2026-07-28,48.54,47.48,49.44,47.05,92495.0,
2026-07-29,47.1,47.76,48.77,45.1,110107.0,
2026-07-30,47.76,44.09,47.78,43.87,126381.0,
2026-07-31,45.88,46.95,48.5,45.88,124037.0,
2026-08-03,47.5,50.9,50.92,47.35,183505.0,
2026-08-04,50.9,53.6,53.87,48.63,215454.0,
2026-08-05,53.0,57.1,57.89,52.24,186486.0,
2026-08-06,56.0,57.8,57.97,55.74,103091.0,
2026-08-07,57.8,58.5,59.39,56.8,112252.0,
2026-08-10,59.11,59.26,59.88,57.43,103081.0,
2026-08-11,59.0,58.86,59.55,57.92,80095.0,
2026-08-12,58.89,60.65,61.8,58.02,96503.0,
2026-08-13,60.63,59.99,61.01,59.31,64010.0,
2026-08-14,59.62,59.64,61.2,58.3,85742.0,
2026-08-17,60.25,64.2,64.2,59.06,111581.0,
